id,student_id,mobile_no_s,certificate_1,certificate_2,certificate_3,doc_1,doc_2,doc_3
1,1,8790745615,TNGC/1001/N,TNGC/1003/N,NULL,04-Mar-25,04-Jul-25,NULL
2,2,9550926358,TNGC/7043/N,TNGC/7055/N,NULL,10-Sep-25,10-Dec-25,NULL
3,3,8121791952,TNGC/7044/N,TNGC/7056/N,NULL,10-Sep-25,10-Dec-25,NULL
4,4,9182676851,TNGC/7045/N,TNGC/7057/N,NULL,10-Sep-25,10-Dec-25,NULL
5,5,9000870704,TNGC/7046/N,TNGC/7058/N,NULL,10-Sep-25,10-Dec-25,NULL
6,6,6305031250,TNGC/7047/N,TNGC/7059/N,NULL,10-Sep-25,10-Dec-25,NULL
7,7,7550444333,TNGC/7061/N,NULL,NULL,10-Dec-25,NULL,NULL
8,8,9346644348,TNGC/7048/N,TNGC/7060/N,NULL,10-Sep-25,10-Dec-25,NULL
9,9,7801097482,TNGC/7049/N,NULL,NULL,10-Dec-25,NULL,NULL
10,10,9398736004,TNGC/7050/N,NULL,NULL,10-Dec-25,NULL,NULL
11,11,7386022845,TNGC/7051/N,NULL,NULL,10-Dec-25,NULL,NULL
12,12,9989064057,TNGC/7052/N,NULL,NULL,10-Dec-25,NULL,NULL
13,13,8688818686,TNGC/7053/N,NULL,NULL,10-Dec-25,NULL,NULL
14,14,9515922845,TNGC/7062/N,NULL,NULL,23-Dec-25,NULL,NULL
15,15,9705188379,TNGC/7063/N,NULL,NULL,23-Dec-25,NULL,NULL
16,16,8179431689,TNGC/7064/N,TNGC/9170/N,NULL,23-Dec-25,08-Aug-26,NULL
17,17,9398934473,TNGC/7065/N,NULL,NULL,23-Dec-25,NULL,NULL
18,18,9703902788,TNGC/7066/N,NULL,NULL,23-Dec-25,NULL,NULL
19,19,6301579004,TNGC/7067/N,NULL,NULL,23-Dec-25,NULL,NULL
20,20,8143555673,TNGC/7068/N,NULL,NULL,23-Dec-25,NULL,NULL
21,21,9908213781,TNGC/7069/N,NULL,NULL,23-Dec-25,NULL,NULL
22,22,8106605298,TNGC/7070/N,NULL,NULL,23-Dec-25,NULL,NULL
23,23,9948227602,TNGC/7071/N,NULL,NULL,23-Dec-25,NULL,NULL
24,24,6304502293,TNGC/7074/N,NULL,NULL,11-Aug-25,NULL,NULL
25,25,7981330385,TNGC/7076/N,NULL,NULL,05-Jan-26,NULL,NULL
26,26,9866662300,TNGC/7079/N,NULL,NULL,12-Jun-17,NULL,NULL
27,27,7288924470,TNGC/7083/N,NULL,NULL,20-Jan-26,NULL,NULL
28,28,9885806627,TNGC/7084/N,NULL,NULL,20-Jan-26,NULL,NULL
29,29,9550282429,TNGC/7085/N,NULL,NULL,20-Jan-26,NULL,NULL
30,30,9392989253,TNGC/7079/N,TNGC/7086/N,NULL,12-Nov-25,20-Jan-26,NULL
31,31,6305316540,TNGC/7080/N,TNGC/7087/N,NULL,12-Nov-25,20-Jan-26,NULL
32,32,6301411326,TNGC/7081/N,TNGC/7088/N,NULL,12-Nov-25,20-Jan-26,NULL
33,33,6302413036,TNGC/7082/N,TNGC/7089/N,NULL,12-Nov-25,20-Jan-26,NULL
34,34,6363367425,TNGC/7096/N,NULL,NULL,04-Feb-26,NULL,NULL
35,35,9133446363,TNGC/7098/N,NULL,NULL,04-Feb-26,NULL,NULL
36,36,7207407834,TNGC/7099/N,TNGC/8076/N,TNGC/9171/N,04-Feb-26,18-May-26,08-Aug-26
37,37,7816008736,TNGC/7090/N,TNGC/8000/N,NULL,05-Dec-25,04-Feb-26,NULL
38,38,6303862189,TNGC/7091/N,TNGC/8001/N,NULL,05-Dec-25,04-Feb-26,NULL
39,39,9550480995,TNGC/7092/N,TNGC/8002/N,NULL,05-Dec-25,04-Feb-26,NULL
40,40,8688201944,TNGC/7093/N,TNGC/8003/N,NULL,05-Dec-25,04-Feb-26,NULL
41,41,8019618538,TNGC/7094/N,TNGC/8004/N,NULL,05-Dec-25,04-Feb-26,NULL
42,42,8686688236,TNGC/7095/N,TNGC/8005/N,NULL,05-Dec-25,04-Feb-26,NULL
43,43,8886036786,TNGC/8006/N,NULL,NULL,10-Nov-25,NULL,NULL
44,44,9154567001,TNGC/8013/N,NULL,NULL,04-Mar-26,NULL,NULL
45,45,9100184190,TNGC/8014/N,NULL,NULL,04-Mar-26,NULL,NULL
46,46,9703994789,TNGC/8015/N,NULL,NULL,04-Mar-26,NULL,NULL
47,47,6386417080,TNGC/8007/N,TNGC/8016/N,NULL,05-Jan-26,04-Mar-26,NULL
48,48,7780173692,TNGC/8008/N,TNGC/8017/N,NULL,05-Jan-26,04-Mar-26,NULL
49,49,9390551573,TNGC/8009/N,TNGC/8018/N,NULL,05-Jan-26,04-Mar-26,NULL
50,50,9959687206,TNGC/8010/N,TNGC/8019/N,NULL,05-Jan-26,04-Mar-26,NULL
51,51,8390934351,TNGC/8011/N,TNGC/8020/N,NULL,05-Jan-26,04-Mar-26,NULL
52,52,8639138248,TNGC/8012/N,TNGC/8021/N,NULL,05-Jan-26,04-Mar-26,NULL
53,53,9989763462,TNGC/8022/N,NULL,NULL,10-Mar-25,NULL,NULL
54,54,9347303062,TNGC/8026/N,NULL,NULL,12-Mar-26,NULL,NULL
55,55,7731962245,TNGC/8023/N,NULL,NULL,12-Mar-26,NULL,NULL
56,56,8309713883,TNGC/8024/N,NULL,NULL,12-Mar-26,NULL,NULL
57,57,8919812369,TNGC/8025/N,NULL,NULL,12-Mar-26,NULL,NULL
58,58,8978083995,NGC/3175/P,NULL,NULL,10-Jun-03,NULL,NULL
59,59,9342024992,TNGC/8031/N,NULL,NULL,20-Mar-26,NULL,NULL
60,60,8886226882,TNGC/8032/N,NULL,NULL,30-Mar-26,NULL,NULL
61,61,9665846416,TNGC/8033/N,NULL,NULL,30-Mar-26,NULL,NULL
62,62,8121303278,TNGC/8034/N,NULL,NULL,30-Mar-26,NULL,NULL
63,63,8328660924,TNGC/8035/N,NULL,NULL,30-Mar-26,NULL,NULL
64,64,8686822218,TNGC/8036/N,TNGC/8036/N,NULL,30-Mar-26,30-Mar-26,NULL
65,65,8309365664,TNGC/8037/N,TNGC/8037/N,NULL,30-Mar-26,30-Mar-26,NULL
66,66,9390187316,TNGC/8028/N,TNGC/8039/N,NULL,27-Jan-26,30-Mar-26,NULL
67,67,7093164274,TNGC/8029/N,TNGC/8040/N,NULL,27-Jan-26,30-Mar-26,NULL
68,68,9032790423,TNGC/8030/N,TNGC/8041/N,NULL,27-Jan-26,30-Mar-26,NULL
69,69,9398146606,TNGC/8042/B,TNGC/8057/N,NULL,25-Feb-26,27-Apr-26,NULL
70,70,9160265377,TNGC/8043/N,TNGC/8058/N,TNGC/8067/N,25-Feb-26,27-Apr-26,18-May-26
71,71,9392771805,TNGC/8044/N,TNGC/8059/N,NULL,25-Feb-26,27-Apr-26,NULL
72,72,7075057942,TNGC/8045/N,TNGC/8060/N,NULL,25-Feb-26,27-Apr-26,NULL
73,73,8328417010,TNGC/8046/N,TNGC/8061/N,NULL,25-Feb-26,27-Apr-26,NULL
74,74,9347212229,TNGC/8047/N,TNGC/8062/N,NULL,25-Feb-26,27-Apr-26,NULL
75,75,7075744645,TNGC/8048/N,TNGC/8063/N,NULL,25-Feb-26,27-Apr-26,NULL
76,76,7337460656,TNGC/8049/N,TNGC/8064/N,NULL,25-Feb-26,27-Apr-26,NULL
77,77,9014730866,TNGC/8050/N,TNGC/8065/N,NULL,25-Feb-26,27-Apr-26,NULL
78,78,8897832255,TNGC/8051/N,NULL,NULL,27-Apr-26,NULL,NULL
79,79,9701318632,TNGC/8052/N,NULL,NULL,27-Apr-26,NULL,NULL
80,80,9908177962,TNGC/8054/N,NULL,NULL,27-Apr-26,NULL,NULL
81,81,9948485266,TNGC/8055/N,NULL,NULL,27-Apr-26,NULL,NULL
82,82,6307111041,TNGC/8056/N,NULL,NULL,27-Apr-26,NULL,NULL
83,83,6301922803,TNGC/8066/N,TNGC/8079/N,NULL,21-Mar-26,18-May-26,NULL
84,84,6300129855,TNGC/8068/N,NULL,NULL,18-May-25,NULL,NULL
85,85,9912455485,TNGC/8069/N,NULL,NULL,18-May-26,NULL,NULL
86,86,7675948453,TNGC/8070/N,NULL,NULL,18-May-26,NULL,NULL
87,87,9642834068,TNGC/8071/N,NULL,NULL,18-May-26,NULL,NULL
88,88,9866044175,TNGC/8072/N,NULL,NULL,18-May-26,NULL,NULL
89,89,8096142389,TNGC/8073/N,NULL,NULL,18-May-26,NULL,NULL
90,90,9494358070,TNGC/8074/N,NULL,NULL,18-May-26,NULL,NULL
91,91,9908645120,TNGC/8075/N,NULL,NULL,18-May-26,NULL,NULL
92,92,9866855760,TNGC/8077/N,NULL,NULL,18-May-26,NULL,NULL
93,93,7993035674,TNGC/8078/N,NULL,NULL,18-May-26,NULL,NULL
94,94,9346417412,TNGC/8080/N,TNGC/9005/N,NULL,05-Apr-26,05-Jun-26,NULL
95,95,8897263788,TNGC/8081/N,TNGC/9006/N,NULL,05-Apr-26,05-Jun-26,NULL
96,96,9866581363,TNGC/8082/N,TNGC/9007/N,NULL,05-Apr-26,05-Jun-26,NULL
97,97,8886226655,TNGC/8084/N,TNGC/9009/N,NULL,05-Apr-26,05-Jun-26,NULL
98,98,9059386353,TNGC/8085/N,TNGC/9010/N,NULL,05-Apr-26,05-Jun-26,NULL
99,99,7989716680,TNGC/8086/N,TNGC/9011/N,NULL,05-Apr-26,05-Jun-26,NULL
100,100,9515010446,TNGC/8087/N,TNGC/9012/N,NULL,05-Apr-26,05-Jun-26,NULL
101,101,9959414766,TNGC/8088/N,TNGC/9013/N,NULL,05-Apr-26,05-Jun-26,NULL
102,102,9652052989,TNGC/8089/N,TNGC/9014/N,NULL,05-Apr-26,05-Jun-26,NULL
103,103,9963683472,TNGC/8090/N,TNGC/9015/N,NULL,05-Apr-26,05-Jun-26,NULL
104,104,8977116173,TNGC/8092/N,NULL,NULL,05-Jun-26,NULL,NULL
105,105,9550152456,TNGC/8091/N,NULL,NULL,05-Jun-26,NULL,NULL
106,106,6301162007,TNGC/8094/N,NULL,NULL,05-Jun-26,NULL,NULL
107,107,8328205032,TNGC/8095/N,NULL,NULL,05-Jun-26,NULL,NULL
108,108,6304432741,TNGC/8096/N,NULL,NULL,05-Jun-26,NULL,NULL
109,109,7981447567,TNGC/8097/N,NULL,NULL,05-Jun-26,NULL,NULL
110,110,9866262526,TNGC/8098/N,NULL,NULL,05-Jun-26,NULL,NULL
111,111,9640967279,TNGC/8099/N,NULL,NULL,05-Jun-26,NULL,NULL
112,112,9640876255,TNGC/9000/N,NULL,NULL,05-Jun-26,NULL,NULL
113,113,7981383220,TNGC/9001/N,NULL,NULL,05-Jun-26,NULL,NULL
114,114,9908320534,TNGC/9002/N,NULL,NULL,05-Jun-26,NULL,NULL
115,115,8367018113,TNGC/9003/N,NULL,NULL,05-Jun-26,NULL,NULL
116,116,9640504094,TNGC/9004/N,NULL,NULL,05-Jun-26,NULL,NULL
117,117,8317670530,TNGC/9019/N,TNGC/9061/N,NULL,13-Apr-26,13-Jun-26,NULL
118,118,9390650725,TNGC/9020/N,TNGC/9062/N,NULL,13-Apr-26,13-Jun-26,NULL
119,119,8328021354,TNGC/9021/N,TNGC/9063/N,NULL,13-Apr-26,13-Jun-26,NULL
120,120,9652342683,TNGC/9022/N,TNGC/9064/N,NULL,13-Apr-26,13-Jun-26,NULL
121,121,6281726650,TNGC/9023/N,TNGC/9065/N,NULL,13-Apr-26,13-Jun-26,NULL
122,122,8722251882,TNGC/9024/N,TNGC/9066/N,NULL,13-Apr-26,13-Jun-26,NULL
123,123,7013001149,TNGC/9025/N,TNGC/9067/N,NULL,13-Apr-26,13-Jun-26,NULL
124,124,9949372513,TNGC/9026/N,TNGC/9068/N,NULL,13-Apr-26,13-Jun-26,NULL
125,125,8008382415,TNGC/9027/N,TNGC/9069/N,NULL,13-Apr-26,13-Jun-26,NULL
126,126,9908068692,TNGC/9028/N,TNGC/9070/N,NULL,13-Apr-26,13-Jun-26,NULL
127,127,9502972163,TNGC/9029/N,NULL,NULL,13-Jun-26,NULL,NULL
128,128,9346127172,TNGC/9030/N,NULL,NULL,13-Jun-26,NULL,NULL
129,129,8978548367,TNGC/9031/N,NULL,NULL,13-Jun-26,NULL,NULL
130,130,7032156855,TNGC/9032/N,NULL,NULL,13-Jun-26,NULL,NULL
131,131,9912522472,TNGC/9033/N,NULL,NULL,13-Jun-26,NULL,NULL
132,132,9948519582,TNGC/9034/N,NULL,NULL,13-Jun-26,NULL,NULL
133,133,9398397914,TNGC/9035/N,TNGC/9036/N,NULL,13-Jun-26,13-Jun-26,NULL
134,134,9121359687,TNGC/9037/N,NULL,NULL,13-Jun-26,NULL,NULL
135,135,9618267492,TNGC/9038/N,TNGC/9046/N,NULL,13-Jun-26,13-Jun-26,NULL
136,136,8328440335,TNGC/9039/N,NULL,NULL,13-Jun-26,NULL,NULL
137,137,9347504179,TNGC/9040/N,NULL,NULL,13-Jun-26,NULL,NULL
138,138,8106272911,TNGC/9041/N,NULL,NULL,13-Jun-26,NULL,NULL
139,139,9550871626,TNGC/9042/N,NULL,NULL,13-Jun-26,NULL,NULL
140,140,8688654662,TNGC/9043/N,NULL,NULL,13-Jun-26,NULL,NULL
141,141,9704639588,TNGC/9044/N,NULL,NULL,13-Jun-26,NULL,NULL
142,142,8978713183,TNGC/9045/N,NULL,NULL,13-Jun-26,NULL,NULL
143,143,8328167158,TNGC/9048/N,NULL,NULL,13-Jun-26,NULL,NULL
144,144,9390047155,TNGC/9049/N,NULL,NULL,13-Jun-26,NULL,NULL
145,145,7013615556,TNGC/9050/N,NULL,NULL,13-Jun-26,NULL,NULL
146,146,9573044708,TNGC/9051/N,NULL,NULL,13-Jun-26,NULL,NULL
147,147,8184816085,TNGC/9052/N,NULL,NULL,13-Jun-26,NULL,NULL
148,148,9390708204,TNGC/9053/N,NULL,NULL,13-Jun-26,NULL,NULL
149,149,9295553356,TNGC/9055/N,NULL,NULL,13-Jun-26,NULL,NULL
150,150,9502804898,TNGC/9056/N,NULL,NULL,13-Jun-26,NULL,NULL
151,151,9959895998,TNGC/9057/N,NULL,NULL,13-Jun-26,NULL,NULL
152,152,9908643634,TNGC/9058/N,NULL,NULL,13-Jun-26,NULL,NULL
153,153,7330859905,TNGC/9059/N,NULL,NULL,13-Jun-26,NULL,NULL
154,154,8897434766,TNGC/9071/N,NULL,NULL,11-Aug-22,NULL,NULL
155,155,8008150121,TNGC/9084/N,NULL,NULL,09-Dec-23,NULL,NULL
156,156,7794028027,TNGC/9072/N,TNGC/9082/N,NULL,20-Apr-26,24-Jun-26,NULL
157,157,9676014815,TNGC/9074/N,TNGC/9207/N,NULL,24-Jun-26,07-Sep-26,NULL
158,158,6302218354,TNGC/9075/N,NULL,NULL,24-Jun-26,NULL,NULL
159,159,9381096059,TNGC/9076/N,NULL,NULL,24-Jun-26,NULL,NULL
160,160,6305714193,TNGC/9077/N,NULL,NULL,24-Jun-26,NULL,NULL
161,161,8106338310,TNGC/9078/N,NULL,NULL,24-Jun-26,NULL,NULL
162,162,9676086057,TNGC/9079/N,NULL,NULL,24-Jun-26,NULL,NULL
163,163,9381206091,TNGC/9080/N,NULL,NULL,24-Jun-26,NULL,NULL
164,164,9381785269,TNGC/9081/N,NULL,NULL,24-Jun-26,NULL,NULL
165,165,9542455281,TNGC/9073/N,TNGC/9083/N,NULL,20-Apr-26,24-Jun-26,NULL
166,166,6303209266,TNGC/9096/N,NULL,NULL,07-Jul-26,NULL,NULL
167,167,8790530918,TNGC/9097/N,NULL,NULL,07-Jul-26,NULL,NULL
168,168,6305705899,TNGC/9098/N,NULL,NULL,07-Jul-26,NULL,NULL
169,169,9392086731,TNGC/9099/N,NULL,NULL,07-Jul-26,NULL,NULL
170,170,9281409979,TNGC/9100/N,NULL,NULL,07-Jul-26,NULL,NULL
171,171,9390426487,TNGC/9106/N,NULL,NULL,13-Dec-22,NULL,NULL
172,172,8247034664,TNGC/9085/N,NULL,NULL,05-Jun-26,NULL,NULL
173,173,9848015362,TNGC/9086/N,NULL,NULL,05-Jun-26,NULL,NULL
174,174,7981320650,TNGC/9087/N,NULL,NULL,05-Jun-26,NULL,NULL
175,175,6305301051,TNGC/9088/N,NULL,NULL,05-Jun-26,NULL,NULL
176,176,9502177700,TNGC/9089/N,NULL,NULL,05-Jun-26,NULL,NULL
177,177,9515947634,TNGC/9090/N,NULL,NULL,05-Jun-26,NULL,NULL
178,178,9346223984,TNGC/9091/N,TNGC/9101/N,NULL,08-May-26,07-Jul-26,NULL
179,179,8096509997,TNGC/9092/N,TNGC/9102/N,NULL,08-May-26,07-Jul-26,NULL
180,180,6302547165,TNGC/9093/N,TNGC/9103/N,NULL,08-May-26,07-Jul-26,NULL
181,181,8639522663,TNGC/9094/N,TNGC/9104/N,NULL,08-May-26,07-Jul-26,NULL
182,182,7801052231,TNGC/9095/N,TNGC/9105/N,NULL,08-May-26,07-Jul-26,NULL
183,183,9381205469,TNGC/9106/N,NULL,NULL,30-May-26,NULL,NULL
184,184,9391442979,TNGC/9107/N,TNGC/9138/N,NULL,20-May-26,20-Jul-26,NULL
185,185,9014926490,TNGC/9108/N,TNGC/9139/N,NULL,20-May-26,20-Jul-26,NULL
186,186,9247181081,TNGC/9109/N,TNGC/9140/N,NULL,20-May-26,20-Jul-26,NULL
187,187,7815864493,TNGC/9110/N,TNGC/9141/N,NULL,20-May-26,20-Jul-26,NULL
188,188,6305211286,TNGC/9111/N,TNGC/9142/N,NULL,20-May-26,20-Jul-26,NULL
189,189,8688267495,TNGC/9112/N,TNGC/9143/N,NULL,20-May-26,20-Jul-26,NULL
190,190,9010506284,TNGC/9144/N,TNGC/9113/N,NULL,20-Jul-26,20-May-26,NULL
191,191,9949748738,TNGC/9114/N,TNGC/9145/N,NULL,20-May-26,20-Jul-26,NULL
192,192,9052946480,TNGC/9115/N,TNGC/9146/N,NULL,20-May-26,20-Jul-26,NULL
193,193,9346033752,TNGC/9116/N,NULL,NULL,20-Jul-26,NULL,NULL
194,194,9989063267,TNGC/9117/N,NULL,NULL,20-Jul-26,NULL,NULL
195,195,9948026040,TNGC/9118/N,NULL,NULL,20-Jul-26,NULL,NULL
196,196,9542568559,TNGC/9119/N,NULL,NULL,20-Jul-26,NULL,NULL
197,197,9441808870,TNGC/9120/N,NULL,NULL,20-Jul-26,NULL,NULL
198,198,9963145359,TNGC/9121/N,NULL,NULL,20-Jul-26,NULL,NULL
199,199,7995373908,TNGC/9122/N,NULL,NULL,20-Jul-26,NULL,NULL
200,200,6302033570,TNGC/9123/N,NULL,NULL,20-Jul-26,NULL,NULL
201,201,7032971353,TNGC/9124/N,TNGC/9124/N,NULL,20-Jul-26,20-Jul-26,NULL
202,202,7674871200,TNGC/9125/N,NULL,NULL,20-Jul-26,NULL,NULL
203,203,9618297474,TNGC/9126/N,NULL,NULL,20-Jul-26,NULL,NULL
204,204,9885406888,TNGC/9127/N,NULL,NULL,20-Jul-26,NULL,NULL
205,205,9390472241,TNGC/9128/N,NULL,NULL,20-Jul-26,NULL,NULL
206,206,8639937990,TNGC/9129/N,NULL,NULL,20-Jul-26,NULL,NULL
207,207,9676126868,TNGC/9130/N,NULL,NULL,20-Jul-26,NULL,NULL
208,208,9989824211,TNGC/9131/N,NULL,NULL,20-Jul-26,NULL,NULL
209,209,8639563824,TNGC/9132/N,NULL,NULL,20-Jul-26,NULL,NULL
210,210,8328028175,TNGC/9133/N,NULL,NULL,20-Jul-26,NULL,NULL
211,211,9515289521,TNGC/9134/N,NULL,NULL,20-Jul-26,NULL,NULL
212,212,9398984637,TNGC/9135/N,NULL,NULL,20-Jul-26,NULL,NULL
213,213,8309400855,TNGC/9136/N,NULL,NULL,20-Jul-26,NULL,NULL
214,214,6301991712,TNGC/9137/N,NULL,NULL,20-Jul-26,NULL,NULL
215,215,7981419507,TNGC/9147/N,NULL,NULL,11-Nov-19,NULL,NULL
216,216,9381179871,TNGC/9160/N,NULL,NULL,08-Aug-26,NULL,NULL
217,217,9959086517,TNGC/9161/N,NULL,NULL,08-Aug-26,NULL,NULL
218,218,7842117633,TNGC/9162/N,NULL,NULL,08-Aug-26,NULL,NULL
219,219,9963571549,TNGC/9162/N,NULL,NULL,08-Aug-26,NULL,NULL
220,220,8520857608,TNGC/9164/N,NULL,NULL,08-Aug-26,NULL,NULL
221,221,8919622490,TNGC/9165/N,NULL,NULL,08-Aug-26,NULL,NULL
222,222,8019174377,TNGC/9166/N,NULL,NULL,08-Aug-26,NULL,NULL
223,223,8106189864,TNGC/9167/N,NULL,NULL,08-Aug-26,NULL,NULL
224,224,6302817482,TNGC/9168/N,NULL,NULL,08-Aug-26,NULL,NULL
225,225,9849722535,TNGC/9169/N,NULL,NULL,08-Aug-26,NULL,NULL
226,226,9052048898,TNGC/9172/N,NULL,NULL,08-Aug-26,NULL,NULL
227,227,8143920509,TNGC/9147/N,NULL,NULL,08-Aug-26,NULL,NULL
228,228,9908183785,TNGC/9148/N,NULL,NULL,08-Aug-26,NULL,NULL
229,229,9848880726,TNGC/9149/N,NULL,NULL,08-Aug-26,NULL,NULL
230,230,9398250158,TNGC/9150/N,NULL,NULL,08-Aug-26,NULL,NULL
231,231,9110337794,TNGC/9153/N,NULL,NULL,08-Aug-26,NULL,NULL
232,232,9966776259,TNGC/9154/N,NULL,NULL,08-Aug-26,NULL,NULL
233,233,9000523128,TNGC/9155/N,NULL,NULL,08-Aug-26,NULL,NULL
234,234,9441278907,TNGC/9156/N,NULL,NULL,08-Aug-26,NULL,NULL
235,235,9494044656,TNGC/9157/N,NULL,NULL,08-Aug-26,NULL,NULL
236,236,9963001703,TNGC/9158/N,NULL,NULL,08-Aug-26,NULL,NULL
237,237,6281528149,TNGC/9159/N,NULL,NULL,08-Aug-26,NULL,NULL
238,238,9959717748,TNGC/9210/N,NULL,NULL,07-Sep-26,NULL,NULL
239,239,8341179975,TNGC/9174/N,TNGC/9188/N,NULL,17-Jun-26,20-Aug-26,NULL
240,240,9381491426,TNGC/9175/N,TNGC/9189/N,NULL,17-Jun-26,20-Aug-26,NULL
241,241,8074804103,TNGC/9176/N,TNGC/9190/N,NULL,17-Jun-26,20-Aug-26,NULL
242,242,7396576284,TNGC/9177/N,TNGC/9191/N,NULL,17-Jun-26,20-Aug-26,NULL
243,243,7815827039,TNGC/9178/N,TNGC/9192/N,NULL,17-Jun-26,20-Aug-26,NULL
244,244,7995727384,TNGC/9179/N,TNGC/9193/N,NULL,17-Jun-26,20-Aug-26,NULL
245,245,7989613288,TNGC/9180/N,TNGC/9194/N,NULL,17-Jun-26,20-Aug-26,NULL
246,246,9398689976,TNGC/9181/N,TNGC/9195/N,NULL,09-Apr-26,08-Aug-26,NULL
247,247,7997217942,TNGC/9182/N,NULL,NULL,11-Aug-26,NULL,NULL
248,248,8179042865,TNGC/9183/N,NULL,NULL,11-Aug-26,NULL,NULL
249,249,7093408289,TNGC/9184/N,NULL,NULL,11-Aug-26,NULL,NULL
250,250,9849931332,TNGC/9185/N,NULL,NULL,11-Aug-26,NULL,NULL
251,251,9090454141,TNGC/9186/N,NULL,NULL,11-Aug-26,NULL,NULL
252,252,9381693642,TNGC/9187/N,NULL,NULL,20-Aug-26,NULL,NULL
253,253,9603068610,TNGC/9196/N,NULL,NULL,12-Jun-25,NULL,NULL
254,254,9603088610,TNGC/9196/N,NULL,NULL,12-Jun-25,NULL,NULL
255,255,9848092810,TNGC/9197/N,NULL,NULL,02-Sep-26,NULL,NULL
256,256,9959640229,TNGC/9198/N,NULL,NULL,07-Sep-26,NULL,NULL
257,257,9063681932,TNGC/9199/N,NULL,NULL,07-Sep-26,NULL,NULL
258,258,9951643018,TNGC/9200/N,NULL,NULL,07-Sep-26,NULL,NULL
259,259,6304625801,TNGC/9201/N,NULL,NULL,07-Sep-26,NULL,NULL
260,260,8790127464,TNGC/9202/N,NULL,NULL,07-Sep-26,NULL,NULL
261,261,8143637608,TNGC/9203/N,TNGC/9203/N,NULL,07-Sep-26,07-Sep-26,NULL
262,262,9949118791,TNGC/9204/N,NULL,NULL,07-Sep-26,NULL,NULL
263,263,8340957058,TNGC/9205/N,NULL,NULL,07-Sep-26,NULL,NULL
264,264,8008689385,TNGC/9206/N,NULL,NULL,07-Sep-26,NULL,NULL
265,265,9951500103,TNGC/9209/N,NULL,NULL,07-Sep-26,NULL,NULL
