id,first_name_s,sur_name_s,father_name_s,branch_s,mobile_no_s,long_s,short_s,time_s
1,UMESH KUMAR,CIGGULA,CIGGULA GOPALA KRISHNA,1,6305664272,"ADCA(MS-OFFICE , TALLY) ",,05-01-2025 07:08
2,SRILATHA,GARSHAKOTA,GARSHAKOTA NARSIMHA,1,9676238484,,"DCA(BASIC,MS-WORD,MS-EXCEL,MS-POWERPOINT,INTERNET)",05-01-2025 07:08
3,SANJAYKUMAR,AKULA,AKULA KRISHNAMURTHY,1,8247732859,,"DCA(BASIC,MS-WORD,MS-EXCEL,MS-POWERPOINT,INTERNET)",05-01-2025 07:09
4,ROHITH,SALLAGARIGE,CHINNA NADIPI NARSAIAH,1,7702639335,,"DCA(BASIC,MS-WORD,MS-EXCEL,MS-POWERPOINT,INTERNET)",05-01-2025 07:09
5,HARIKRISHNA,A,A GOVINDU,1,6305908261,,"DCA(BASIC,MS-WORD,MS-EXCEL,MS-POWERPOINT,INTERNET)",05-01-2025 07:09
6,NANDASUBHASH,KONDAPALLI,KONDAPALLI KISHOREBABU,1,9493190056,,"DCA(BASIC,MS-WORD,MS-EXCEL,MS-POWERPOINT,INTERNET)",05-01-2025 07:11
7,SAI KRISHNA,DEVASTHANI,DEVASTHANI MUTHYALU,1,9390182056,,"DCA(BASIC,MS-WORD,MS-EXCEL,MS-POWERPOINT,INTERNET)",05-01-2025 07:11
8,MANUPREET REDDY,NASRAPALLI,NASRAPALLI DURGA REDDY,1,939086614,"ADPL(C,CORE-PYTHON , ADV-PYTHON , MYSQL/TKINTER )",,05-01-2025 07:12
9,AZEEM,SYED,SYED HUSSIAN,1,9100792536,"ADCA(MS-OFFICE , TALLY) ",,05-01-2025 07:12
10,FARHEEN,BEGUM,MOHAMMED HABEEB UDDIN,1,7093944829,"ADCA(MS-OFFICE , TALLY) ",,05-01-2025 07:13
11,MOHAMMED REHAAN,SHAIK,GOOTY MUNEER AHMED,1,7569675530,"PGDCA(MS-OFFICE , C LANG )",,05-01-2025 07:14
12,MANUPREET REDDY,NASRAPALLY,NASRAPALLI DURGA REDDY,1,9390866141,"ADPL(C,CORE-PYTHON , ADV-PYTHON , MYSQL/TKINTER )",,05-01-2025 07:20
13,SUDHAKAR,MEKA,RAMAIH,1,8106466493,,"DCA(BASIC,MS-WORD,MS-EXCEL,MS-POWERPOINT,INTERNET)",15-01-2025 22:40
14,AKSHITHA,ERAVA,ERAVA BHASKER,1,9177220888,,"DCA(BASIC,MS-WORD,MS-EXCEL,MS-POWERPOINT,INTERNET)",15-01-2025 22:41
15,BHANU SRI,KUKUDALA,KUKUDALA RENAIAH,1,8688691922,,"DCA(BASIC,MS-WORD,MS-EXCEL,MS-POWERPOINT,INTERNET)",15-01-2025 22:41
